{
  "main": {
    "id": "5619e9757707abf2",
    "type": "split",
    "children": [
      {
        "id": "67476e1e67d8f471",
        "type": "tabs",
        "children": [
          {
            "id": "77b178f079d2d581",
            "type": "leaf",
            "state": {
              "type": "markdown",
              "state": {
                "file": "阅读笔记/杂志摘录.md",
                "mode": "source",
                "source": false
              }
            }
          },
          {
            "id": "dda1922060779865",
            "type": "leaf",
            "state": {
              "type": "markdown",
              "state": {
                "file": "阅读笔记/整篇抄录/河在河的远方.md",
                "mode": "source",
                "source": false
              }
            }
          }
        ],
        "currentTab": 1
      }
    ],
    "direction": "vertical"
  },
  "left": {
    "id": "340244fc1b6f0d1e",
    "type": "mobile-drawer",
    "children": [
      {
        "id": "9585a601542e71f9",
        "type": "leaf",
        "state": {
          "type": "file-explorer",
          "state": {
            "sortOrder": "alphabetical"
          }
        }
      },
      {
        "id": "60e5a66a0e6bf626",
        "type": "leaf",
        "state": {
          "type": "search",
          "state": {
            "query": "",
            "matchingCase": false,
            "explainSearch": false,
            "collapseAll": false,
            "extraContext": false,
            "sortOrder": "alphabetical"
          }
        }
      },
      {
        "id": "b45ee86f0ea08f52",
        "type": "leaf",
        "state": {
          "type": "tag",
          "state": {
            "sortOrder": "frequency",
            "useHierarchy": true
          }
        }
      },
      {
        "id": "1e570b698b8fac7e",
        "type": "leaf",
        "state": {
          "type": "bookmarks",
          "state": {}
        }
      }
    ],
    "currentTab": 0
  },
  "right": {
    "id": "1a88695757000e45",
    "type": "mobile-drawer",
    "children": [
      {
        "id": "5d44fbea7ac94625",
        "type": "leaf",
        "state": {
          "type": "backlink",
          "state": {
            "file": "阅读笔记/整篇抄录/河在河的远方.md",
            "collapseAll": false,
            "extraContext": false,
            "sortOrder": "alphabetical",
            "showSearch": false,
            "searchQuery": "",
            "backlinkCollapsed": false,
            "unlinkedCollapsed": true
          }
        }
      },
      {
        "id": "b63666bf20b08026",
        "type": "leaf",
        "state": {
          "type": "outgoing-link",
          "state": {
            "file": "阅读笔记/整篇抄录/河在河的远方.md",
            "linksCollapsed": false,
            "unlinkedCollapsed": true
          }
        }
      },
      {
        "id": "06d31b4a7b8684be",
        "type": "leaf",
        "state": {
          "type": "outline",
          "state": {
            "file": "阅读笔记/整篇抄录/河在河的远方.md"
          }
        }
      }
    ],
    "currentTab": 0
  },
  "left-ribbon": {
    "hiddenItems": {
      "switcher:打开快速切换": false,
      "graph:查看关系图谱": false,
      "canvas:新建白板": false,
      "daily-notes:打开/创建今天的日记": false,
      "templates:插入模板": false,
      "command-palette:打开命令面板": false,
      "remotely-save:Remotely Save": false,
      "table-editor-obsidian:Advanced Tables Toolbar": false
    }
  },
  "active": "9585a601542e71f9",
  "lastOpenFiles": [
    "阅读笔记/杂志摘录.md",
    "阅读笔记/整篇抄录/河在河的远方.md",
    "conflict-files-obsidian-git.md",
    "阅读笔记/《傅雷家书》.md",
    "阅读笔记/余华.md",
    "代码笔记/Linux/yay.md",
    "代码笔记/Linux",
    "阅读笔记/【德】 赫尔曼·黑塞 - 《在轮下》.md",
    "代码笔记/OpenWrt/20231028_单编某个应用.md",
    "代码笔记/OpenWrt",
    "阅读笔记/大冰.md",
    "阅读笔记/王国维 - 《人间词话》.md",
    "阅读笔记/整篇抄录/越刺激，越无聊.md",
    "阅读笔记/整篇抄录/自明灯.md",
    "阅读笔记/整篇抄录/自我赋形的时刻.md",
    "阅读笔记/整篇抄录/文艺的人.md",
    "阅读笔记/整篇抄录/我存在是因为有你的存在.md",
    "阅读笔记/整篇抄录/婚姻是一件小事.md",
    "阅读笔记/整篇抄录/在宁静中思考.md",
    "阅读笔记/整篇抄录/做一个商量的否定者.md",
    "阅读笔记/整篇抄录/俯仰.md",
    "阅读笔记/整篇抄录/不经意间.md",
    "阅读笔记/【英】查尔斯·狄更斯 - 《大卫·科波菲尔》.md",
    "阅读笔记/【美】斯托夫人 - 《汤姆叔叔的小屋》.md",
    "阅读笔记/【美】文德琳·范·德拉安南 - 《怦然心动》.md",
    "阅读笔记/【法】罗曼·罗兰 - 《约翰·克利斯朵夫》.md",
    "阅读笔记/【日本】小川糸 - 《山茶文具店》.md",
    "阅读笔记/【日本】夏目漱石 - 《我是猫》.md",
    "新闻笔记",
    "/新闻笔记",
    "代码笔记/Android/常用命令",
    "代码笔记/Android",
    "代码笔记",
    "影视笔记",
    "阅读笔记/整篇抄录",
    "阅读笔记"
  ]
}