{
  "main": {
    "id": "966830b0fbdc53ff",
    "type": "split",
    "children": [
      {
        "id": "4e9adcb09de5ba13",
        "type": "tabs",
        "children": [
          {
            "id": "988dc4921c4ca231",
            "type": "leaf",
            "state": {
              "type": "markdown",
              "state": {
                "file": "代码笔记/Linux/yay.md",
                "mode": "source",
                "source": false
              }
            }
          }
        ]
      }
    ],
    "direction": "vertical"
  },
  "left": {
    "id": "5ccb4225761e6495",
    "type": "split",
    "children": [
      {
        "id": "cbd265214d45bbb6",
        "type": "tabs",
        "children": [
          {
            "id": "8e03341793ecc2b4",
            "type": "leaf",
            "state": {
              "type": "file-explorer",
              "state": {
                "sortOrder": "byModifiedTime"
              }
            }
          },
          {
            "id": "a8a6c8aa41267c96",
            "type": "leaf",
            "state": {
              "type": "search",
              "state": {
                "query": "",
                "matchingCase": false,
                "explainSearch": false,
                "collapseAll": false,
                "extraContext": false,
                "sortOrder": "alphabetical"
              }
            }
          },
          {
            "id": "17798bab3fc44b7e",
            "type": "leaf",
            "state": {
              "type": "bookmarks",
              "state": {}
            }
          }
        ]
      }
    ],
    "direction": "horizontal",
    "width": 335.5
  },
  "right": {
    "id": "dfb6a9d72663d060",
    "type": "split",
    "children": [
      {
        "id": "bdf1a786b7961d08",
        "type": "tabs",
        "children": [
          {
            "id": "d0a4575122761a87",
            "type": "leaf",
            "state": {
              "type": "backlink",
              "state": {
                "file": "代码笔记/Linux/yay.md",
                "collapseAll": false,
                "extraContext": false,
                "sortOrder": "alphabetical",
                "showSearch": false,
                "searchQuery": "",
                "backlinkCollapsed": true,
                "unlinkedCollapsed": true
              }
            }
          },
          {
            "id": "d38659b050a9b83f",
            "type": "leaf",
            "state": {
              "type": "outgoing-link",
              "state": {
                "file": "代码笔记/Linux/yay.md",
                "linksCollapsed": false,
                "unlinkedCollapsed": true
              }
            }
          },
          {
            "id": "5358beef7b32c7c6",
            "type": "leaf",
            "state": {
              "type": "tag",
              "state": {
                "sortOrder": "frequency",
                "useHierarchy": true
              }
            }
          },
          {
            "id": "dce7388c458131a0",
            "type": "leaf",
            "state": {
              "type": "outline",
              "state": {
                "file": "代码笔记/Linux/yay.md"
              }
            }
          },
          {
            "id": "c3ca51904b96fb1b",
            "type": "leaf",
            "state": {
              "type": "advanced-tables-toolbar",
              "state": {}
            }
          }
        ],
        "currentTab": 4
      }
    ],
    "direction": "horizontal",
    "width": 300,
    "collapsed": true
  },
  "left-ribbon": {
    "hiddenItems": {
      "table-editor-obsidian:Advanced Tables Toolbar": false,
      "switcher:打开快速切换": false,
      "graph:查看关系图谱": false,
      "canvas:新建白板": false,
      "daily-notes:打开/创建今天的日记": false,
      "templates:插入模板": false,
      "command-palette:打开命令面板": false
    }
  },
  "active": "988dc4921c4ca231",
  "lastOpenFiles": [
    "代码笔记/Android/20231216_IDEA系配置环境变量使用指定的JDK.md",
    "笑话集.md",
    "杂志摘录.md",
    "代码笔记/20231031_为什么对4按位取反的结果为-5/20231031_为什么对4按位取反的结果为-5.md",
    "美文摘录/持盈.md",
    "代码笔记/Git/20231206_解决git status命令输出时中文文件名乱码.md",
    "代码笔记/Android/20231212_Android Studio在JAVA17编译不通过时, 所需增加的JVM参数.md",
    "图书笔记/曹雪芹 - 《红楼梦》.md",
    "README.md",
    "影视笔记/海底总动员.md",
    "随手记录.md",
    "美文摘录/风雪夜归人.md",
    "美文摘录/只要月亮还在天上.md",
    "美文摘录/顾盼.md",
    "美文摘录/婚姻是一件小事.md",
    "美文摘录/爱是人的天性.md",
    "美文摘录/捡破烂儿的先生.md",
    "美文摘录/不传苦.md",
    "美文摘录/放下依恋.md",
    "美文摘录/坐下来聆听.md",
    "美文摘录/夜晚知晓一切秘密.md",
    "美文摘录/认知也有保鲜期.md",
    "美文摘录/恋情宜尽量愉悦.md",
    "美文摘录/活得有趣，才是人生最高的境界.md",
    "美文摘录/做一个商量的否定者.md",
    "美文摘录/自我赋形的时刻.md",
    "人生指南",
    "代码笔记/20231031_为什么对4按位取反的结果为-5/对4按位取反的结果为-5.png",
    "代码笔记/20231031_为什么对4按位取反的结果为-5",
    "数学笔记/一个数是否可以被另一个数整除通用表达式",
    "数学笔记",
    "代码笔记/OpenWrt/lede",
    "代码笔记/Git",
    "代码笔记/Linux",
    "代码笔记/OpenWrt/未命名.canvas",
    "代码笔记/OpenWrt",
    "新闻笔记",
    "代码笔记/Android/常用命令"
  ]
}